-- phpMyAdmin SQL Dump
-- version 4.9.3
-- https://www.phpmyadmin.net/
--
-- Host: localhost:8889
-- Generation Time: Feb 04, 2020 at 01:55 PM
-- Server version: 5.7.26
-- PHP Version: 7.4.1

SET SQL_MODE = "NO_AUTO_VALUE_ON_ZERO";
SET time_zone = "+00:00";


/*!40101 SET @OLD_CHARACTER_SET_CLIENT=@@CHARACTER_SET_CLIENT */;
/*!40101 SET @OLD_CHARACTER_SET_RESULTS=@@CHARACTER_SET_RESULTS */;
/*!40101 SET @OLD_COLLATION_CONNECTION=@@COLLATION_CONNECTION */;
/*!40101 SET NAMES utf8mb4 */;

--
-- Database: `tim2020_donnees`
--

-- --------------------------------------------------------

--
-- Table structure for table `diplome`
--

CREATE TABLE `diplome` (
  `id` smallint(5) UNSIGNED NOT NULL,
  `nom` varchar(20) COLLATE utf8mb4_unicode_ci DEFAULT NULL,
  `prenom` varchar(20) COLLATE utf8mb4_unicode_ci DEFAULT NULL,
  `presentation` text COLLATE utf8mb4_unicode_ci,
  `interet_gestion_projet` enum('1','2','3','4','5','6','7','8','9','10') COLLATE utf8mb4_unicode_ci DEFAULT '5' COMMENT 'De 1 (pas vraiment ma force) à 10 (vraiment expert)',
  `interet_design_interface` enum('1','2','3','4','5','6','7','8','9','10') COLLATE utf8mb4_unicode_ci DEFAULT '5' COMMENT 'De 1 (pas vraiment ma force) à 10 (vraiment expert)',
  `interet_traitement_medias` enum('1','2','3','4','5','6','7','8','9','10') COLLATE utf8mb4_unicode_ci DEFAULT '5' COMMENT 'De 1 (pas vraiment ma force) à 10 (vraiment expert)',
  `interet_integration` enum('1','2','3','4','5','6','7','8','9','10') COLLATE utf8mb4_unicode_ci DEFAULT '5' COMMENT 'De 1 (pas vraiment ma force) à 10 (vraiment expert)',
  `interet_programmation` enum('1','2','3','4','5','6','7','8','9','10') COLLATE utf8mb4_unicode_ci DEFAULT '5' COMMENT 'De 1 (pas vraiment ma force) à 10 (vraiment expert)',
  `courriel` varchar(100) COLLATE utf8mb4_unicode_ci DEFAULT NULL,
  `pseudo_twitter` varchar(100) COLLATE utf8mb4_unicode_ci DEFAULT NULL,
  `linkedin` varchar(100) COLLATE utf8mb4_unicode_ci DEFAULT NULL,
  `site_web` varchar(100) COLLATE utf8mb4_unicode_ci DEFAULT NULL,
  `nom_usager_admin` varchar(50) CHARACTER SET utf8 COLLATE utf8_unicode_ci DEFAULT NULL COMMENT 'Même nomenclature que pour accès Novell'
) ENGINE=InnoDB DEFAULT CHARSET=utf8mb4 COLLATE=utf8mb4_unicode_ci;

--
-- Dumping data for table `diplome`
--

INSERT INTO `diplome` (`id`, `nom`, `prenom`, `presentation`, `interet_gestion_projet`, `interet_design_interface`, `interet_traitement_medias`, `interet_integration`, `interet_programmation`, `courriel`, `pseudo_twitter`, `linkedin`, `site_web`, `nom_usager_admin`) VALUES
(1, 'Blanchet', 'Alexandre', '<p>Ma <strong>créativité</strong> est ce qui m\'a poussé à choisir l\'intégration multimédia. Dans un premier temps, avec ses concepts visuels inépuisables, puis avec le temps c\'est la <strong>programmation</strong> qui a su me conquérir. </p>\r\n<p>Je me passionne pour tous les aspects de ce domaine en constante évolution. C\'est pourquoi je me fais un devoir de rester à jour que ce soit du côté de <strong>l\'amélioration de l\'expérience utilisateur</strong> ou des <strong>technologies les plus récentes</strong>.</p>\r\n<p>Selon moi, une bonne fonctionnalité n\'est rien sans une image impeccable, c\'est pourquoi je crois autant à la <strong>qualité du produit final</strong> qu\'à <strong>l\'efficacité du développement</strong>.</p>', '7', '9', '7', '9', '10', 'alexandre.blanchet.ab@gmail.com', '', 'www.linkedin.com/in/alexandre-blanchet-329848149', 'https://www.behance.net/alexandblanche', '1262523'),
(2, 'C. Sévigny', 'Alexandrine', '<p>Le milieu du multimédia est un univers à lui seul qui ne demande qu’à être étudié. Depuis toute jeune, je suis passionnée par ce domaine et je l’explore avec une énergie toujours renouvelée. Ainsi, j’ai plusieurs passions telles que l’animation, le cinéma, le web et les jeux vidéo.</p>\r\n<p>Pour le web, ce qui m’anime le plus c’est la diversité de ses applications possibles. Cela fait en sorte qu’il y une grande variété de projets et tout est toujours stimulant! Aussi, je suis quelqu’un de méthodique à mes heures, mais j’ai également mes moments d’explosion de créativité. Le web me permet donc d’exploiter plusieurs facettes de mon profil en toute liberté. Idéalement, je voudrais faire du <span lang=\"en\">front-end</span> et du <span lang=\"en\">motion design</span>. J’aimerais dans le futur peut-être faire de la gestion en lien avec le domaine du multimédia.</p>', '9', '7', '10', '10', '8', 'asevigny@outlook.fr', '', 'https://www.linkedin.com/in/alexandrinesevigny/', 'https://www.behance.net/alexandrinesevigny', '1136931'),
(3, 'Cardinal-Labrie', 'Marie-Pierre', '<p>Internet, quel monde fascinant! C’est un lien entre les individus de partout, une immense machine qui regorge d’informations passionnantes! J’adore sentir que j’ai un peu de contrôle sur ce colosse. Ce que j’aime le plus de l’intégration multimédia, c’est la pluridisciplinarité de ce domaine. J’aime ne pas faire la même chose de jour en jour. La programmation m’attire plus particulièrement par son côté logique, mais j’aime le côté créatif de l’intégration.</p><p>Dans le futur, je me vois parfaitement régler des problèmes de code, créer des pages et des applications qui créent l’effet WOW. J’aime beaucoup voir de manière tangible le résultat de mes efforts, et le milieu du web me permet de réaliser des projets passionnants.</p>', '4', '5', '5', '8', '9', 'mcardinallabrie@hotmail.fr', '', 'https://www.linkedin.com/in/marie-pierre-cardinal-labrie-751766129/', '', '1463196'),
(4, 'Chouinard-Létourneau', 'Gabriel', '<p>À la suite d’une année sabbatique, je me suis lancé tête première dans la TIM et je suis tombé en amour directement avec le domaine du développement web et d’applications. J’adore participer à chaque étape du développement, des <span lang=\"en\"><i>brainstorms</i></span> explosant d’idées jusqu’aux résolutions de problèmes techniques, j’aime travailler pour atteindre des objectifs concerts et mesurables. </p>\r\n\r\n<p>Je suis une personne orientée sur le travail d’équipe, j’aime œuvrer à ce que la communication soit fluide et efficace. En dégageant de la passion et du dynamisme, j’aime encourager une entraide positive et entraînante. Ma curiosité pour les nouvelles technologies fait de moi un affamé de nouvelles connaissances. Le développement d\'applications natives est l\'un de mes buts primaires et les technologies qui m\'intéressent dans le futur sont React, React Native et Flutter.</p>', '8', '6', '7', '9', '10', 'chouinardletourneaug@gmail.com', '', 'https://www.linkedin.com/in/gabriel-chouinard-l%C3%A9tourneau-b35847149/', '', '1765918'),
(5, 'Durand', 'Marie-Li', '<p>Depuis mon jeune âge, je suis passionnée par les technologies. Au secondaire, j’étais dans un programme en informatique nommé Intégra-tic. Ensuite, je me suis dirigée au Cégep Garneau en Techniques de l’informatique pour finalement réaliser le programme en Techniques d’Intégration Multimédia.</p><p>Du côté personnel, je suis une fille très souriante et remplie d’énergie. Si on pouvait me décrire en deux mots, on dirait «<strong>persévérante</strong> » et «<strong>minutieuse</strong>». J’ai d’ailleurs reçu de nombreux récompenses pour ma persévérance, mon engagement dans ma réussite et mon travail acharné.</p><p>Quant à l’aspect professionnel, je m’intéresse particulièrement a développement front-end, c’est-à-dire l’intégration et la programmation.</p>', '4', '6', '5', '10', '9', 'marie_lily_@hotmail.com', '', 'www.linkedin.com/in/marie-li-durand-29717014b', '', '1764341'),
(6, 'Grant', 'Marie-Noëlle', '<p>Avide de découvertes et de nouveaux apprentissages, ainsi que <span lang=\"en\">geek</span> assumée, j’ai décidément trouvé ma place dans le monde de la programmation et du web. Ayant un amour pour la logique et la création, j’adore programmer et intégrer divers éléments d’un site web ou d’une application, tant du côté <span lang=\"en\">front-end</span> que <span lang=\"en\">back-end</span>. J’ai aussi un penchant pour la résolution de problème, et je considère les difficultés ou embûches rencontrées dans un projet comme des opportunités d’apprentissage.</p><p>Ce qui m’a séduit du développement web et de l’environnement entourant ce dernier, c’est la possibilité de réaliser et d’amener un projet à complétion, en apportant ma contribution à toutes les étapes. J’espère donc avoir l’opportunité de travailler au sein d’une équipe multidisciplinaire, tant pour la diversité de l’ouvrage que la possibilité constante d’apprentissage et d’amélioration.</p>', '6', '7', '8', '10', '10', 'm.noelle.grant@gmail.com', '', ' http://www.linkedin.com/in/marie-noelle-grant', 'https://www.behance.net/marienoellegrant', '1761554'),
(7, 'Lancheros', 'Rui', '<p>Toujours avec soif d’explorer de nouvelles technologies, j’ai un intérêt marqué pour le monde de l’informatique et le web. La curiosité bien aiguisée, j’ai trouvé dans l’intégration multimédia un champ d\'études motivant et varié qui fait un mélange parfait entre la créativité et la logique.</p>\r\n<p>Le développement web est pour moi le plus beau métier, et c’est pour cela que je vise <strong>la qualité et la performance</strong> dans tous les sites web que je construis. Mon but : contribuer avec mon travail à <strong>un web plus ouvert et convivial.</strong></p>', '9', '8', '8', '10', '9', 'ruilancheros@gmail.com', '', 'www.linkedin.com/in/rui-lancheros', '', '1660081'),
(8, 'Levasseur-Côté', 'Élody', '<p>Étant de nature très empathique et à l’écoute, en arrivant dans la technique, je me suis découvert une passion pour tout ce qui touche à l’expérience ainsi qu’à l’interface utilisateur. La conception pousse ma créativité et mon originalité tout en me permettant d’y joindre ma personnalité.</p> \r\n<p>De la conception à la mise en ligne, la résolution de problèmes me motive et me pousse à donner le meilleur de moi-même.</p>\r\n', '8', '10', '8', '9', '6', 'elodylevasseurcote@hotmail.com', '', 'www.linkedin.com/in/elodylevasseurcote', 'https://elodylevasseurcote.myportfolio.com/', '1636753'),
(9, 'Loranger', 'Samuel', '<p>Depuis la 1<sup>re</sup> année du secondaire, j\'étudie en dans le domaine de l\'informatique. En secondaire 5, j\'ai refait le site web de mon école secondaire comme activité parascolaire et c\'est ce qui m\'a apporté étudier dans la technique d\'intégration multimédia. Je suis un passionné du domaine depuis très longtemps et cette passion me coule dans les veines de plus en plus.</p>\r\n<p>J\'ai la soif d\'apprendre, j\'ai des objectifs précis et je cherche à constamment à m\'améliorer en tant que personne et à améliorer mes connaissances. J\'aime le travail vite fait, mais bien fait. Partout où je suis passé, les gens ont dit que je suis quelqu\'un de fiable et un atout pour leur équipe.</p>\r\n', '6', '7', '5', '10', '10', 'samuelloranger@gmail.com', '', 'https://www.linkedin.com/in/samuel-loranger-b23205174/', '', '1762518'),
(10, 'Prévost', 'Marc-André', NULL, '5', '5', '5', '5', '5', NULL, NULL, NULL, NULL, '1764835'),
(11, 'Verret', 'Gabriel', '<p><strong>Un intégrateur multimédia qui prend au sérieux la réussite d’un projet !</strong></p><p>Je m’intéressais à la création de sites web et au montage vidéo bien avant de m’inscrire à la TIM. En prenant connaissance du programme, j’ai immédiatement sauté sur l’occasion ! La formation me servira amplement dans le futur.</p>', '1', '8', '3', '8', '7', 'gabrielverret@icloud.com', 'gbrlverret', 'https://www.linkedin.com/in/gabriel-verret-82517014b/', 'https://www.gabrielverret.com', '1738127'),
(12, 'Blouin-Boudreau', 'Tommy', '<p>Je suis quelqu\'un de passionné qui aime supporter des projets jusqu\'à leur conclusion. J\'aime beaucoup les nombreux aspects du développement web. Je suis une personne qui s\'entend bien avec tout le monde et qui aime travailler en équipe. </p>', '8', '7', '6', '7', '8', 'tommybboudreau@gmail.com', '', 'https://www.linkedin.com/in/tommy-blouin-boudreau-1b117114b/', '', '1762186'),
(13, 'Cavanagh', 'Martin', '<p>L’univers du web a une place très importante dans le monde auquel je vis. Je considère qu’il est important que les sites permettent aux gens de se <strong>rapprocher</strong> et de faciliter les <strong>échanges</strong>.</p> \r\n<p><strong>Perfectionniste de nature</strong>, je considère que le travail que je mets doit satisfaire plus que la base.</p>\r\n<p>Même ayant des difficultés ou des lenteurs par moment, je préfère <strong>prendre le temps de bien prendre les choses</strong> afin de <strong>limité les erreurs</strong>. De chercher à comprendre plus avec les autres afin que tous soient à la même voie de réussir. Sur le web, il faut prendre le temps et revoir sans être trop sûr de soi-même.</p>', '2', '2', '3', '4', '5', 'Martin.Cavanagh@live.ca', '', 'https://ca.linkedin.com/in/martin-cavanagh-186a02179', '', '1765854'),
(14, 'Côté-Poulin', 'Simon-Gabriel', '<p>L’informatique a toujours été pour moi un domaine d’un grand intérêt. La Technique d’intégration multimédia n’a fait que confirmer que j’étais à la bonne place! <strong>L’intégration</strong> et la <strong>conception</strong> sont mes compétences préférées du développement web! Le travail d’équipe et l’apprentissage que chaque nouveau projet apporte sont aussi des aspects que j’adore!</p>\r\n', '7', '8', '6', '10', '7', 'simon_gab@outlook.com', '', 'https://www.linkedin.com/in/simon-gabriel-c%C3%B4t%C3%A9-poulin-19217114b/', '', '1763247'),
(15, 'Daneau-Pelletier', 'Christine', '<p>Passionnée d\'intégration et de multimédia, j\'aimerais utiliser ma riche expérience en enseignement pour apporter une vision différente de la communication. Le web et la musique sont mes piliers fondateurs. Je suis avide d\'apprendre et je sais être à l\'écoute des besoins pour favoriser le travail d\'équipe. Organisée et persévérante, je suis soucieuse d\'offrir un travail de qualité qui soit ordonné, sémantique, précis et esthétique. Aussi, maîtrisant bien les logiciels et langages d\'intégration (<span lang=\"en\">front-end</span>), je m\'épanouis dans la création d\'un nouveau projet pour bien adapter un produit interactif numérique aux besoins du client.</p>', '8', '9', '10', '10', '7', 'christine.daneau.pelletier@gmail.com', '', 'https://www.linkedin.com/in/christine-daneau-pelletier-01113a114/', 'https://www.behance.net/c-daneau-pelletier', '1766091'),
(16, 'Deshaies', 'Andréa', '<p>Après des études en Art et lettre, je me suis réorientée en multimédia où j’ai trouvé un endroit où exprimer ma créativité. Je suis particulièrement intéressée dans le design, la création d’image de marque et l’expérience utilisateur dans le monde du web. Bien que ma passion soit le design, je suis versatile en intégration et en programmation. J’aspire à trouver un emploi qui me permettra de parfaire ma créativité dans une équipe stimulante.</p>', '8', '10', '7', '7', '5', 'andreadeshaies@gmail.com', '', 'https://www.linkedin.com/in/andr%C3%A9a-deshaies-9a5a02179/', '', '1535172'),
(17, 'Dion-Bolduc', 'Camille', '<p>Amoureuse de design et d’art de toutes sortes – je suis une personne créative et expressive. Tous les aspects du web sont intéressants, mais j’ai un amour spécialement pour l’analyse du mandat, la conception, en plus de l’intégration <abbr title=\"Hypertext Markup Language\">HTML</ abbr > et <abbr title=\"Cascading Style Sheets\">CSS</ abbr >.</p>\r\n\r\n<p>Le travail d’équipe est motivant pour moi, je suis épanouie quand je coopère avec mes collègues sur l’analyse d’un nouveau mandat et la recherche de pistes de solutions d’expérience utilisateur ou de conceptions.</p>', '5', '10', '5', '8', '3', 'camille.dion.bolduc@gmail.com', '', 'https://www.linkedin.com/in/camille-dion-bolduc-0079078a/?locale=fr_FR', 'https://www.behance.net/camilledionbolduc', '1161722'),
(18, 'Drolet-Bégin', 'Etienne', '<p>après m’être lancé dans le domaine du web sur un coup de tête sans savoir dans quoi j’embarquais, j’y ai trouvé une réelle passion. Après plusieurs années d’errance au cegep il m’auras fallu un pur Hazard pour trouver ma voie. Je préfère l’intégration et ce qui touche plutôt au <span lang= ‘’en’’>front-end</span> ou au traitement de médias mais je suis prêt à faire un peu de tout. J’ai tendance a préférer le travail en équipe mais le travail seul peut être plus relaxant par moment tout dépendant de mes coéquipiers.</p>', '7', '6', '8', '9', '8', 'mrmadnek@gmail.com', '', 'https://www.linkedin.com/in/etienne-drolet-begin-27317014b/', '', '1764746'),
(19, 'Lavoie', 'Felix-Antoine', 'Je suis se qui arrive quand tu mélange un adepte des nouvelles technologies avec un passionné de puzzles et jeux de logique en tout genre. Développer la logique qui résoud un problème ou subvient à un besoin, la concrétiser en un code structuré et optimiser; c\'est ce qui me fait tripper. Mon passage à la TIM m\'a permis d\'acquérir des expériences de développement et de travail d\'équipe inestimables, de solidifier mes connaissances en programmation et d\'étendre mes compétences générales en développement web. De la programmation, j\'en mange et j\'ai très hate de découvrir ce que le monde professionnel a à offrir. ', '7', '7', '6', '9', '10', 'felixalavoie@gmail.com', '', '', '', '1438839'),
(20, 'Nicol-Prévost', 'Zachary', '<p>Le monde du Web m\'inspire et m\'impressionne depuis mon plus jeune âge. Le choix de m\'inscrire à la <abbr title=\"Techniques d\'Intégration Multimédia\">TIM</abbr> fût donc très évident pour moi dès la fin de mon secondaire. J’aime apprendre et découvrir de nouvelles choses. Mon passage dans la technique m\'a permis d\'apprendre la base de différents languages de programmation ainsi que la conception d\'interfaces claires et précises. Je suis pour la polyvalence et le dépassement de soi. Le respect, l’ouverture d’esprit et la pérsévérance sont parmis mes valeurs les plus importantes. </p>', '7', '9', '10', '8', '6', '', '', 'https://www.linkedin.com/in/zachary-nicol-p/', '', '1735193'),
(21, 'Nukafu', 'Jennifer', '<p>Etudiante en deuxième année de DUT MMI (Métiers du Multimédia et de l\'Internet) en région parisienne, j’ai eu la chance de pouvoir venir au Quebec afin d\'effectuer un semestre au Cégep. </p>\r\n<p>Je suis quelqu’un de toujours joyeuse, avec un rire assez imposant et qui aime autant travailler en autonomie qu’en équipe.\r\n<br>J’adore les séries (merci Netflix), la musique, la photographie et l\'audiovisuel. </p>\r\n\r\n<p>Le domaine du Multimédia et de l’Internet est un moyen pour moi de mettre à plat mes envies et mes idées.\r\n<br>La conception me permet d’exploiter mon côté créative, tandis que l’intégration d\'appliquer mes idées de manière concrète. </p>\r\n<p>Je trouve toutes mes inspirations à travers les voyages que j\'ai pu effectué, mes origines et les différents artistes que je suis.</p>', '6', '7', '8', '8', '7', 'nukafu.jennifer@gmail.com', '', 'https://www.linkedin.com/in/jennifer-nukafu-83770b170/', 'http://jennifernukafu.fr', '2001967'),
(22, 'Papineau', 'Olivier', '<p>Développeur web priorisant la polyvalence, le travail d’équipe et le dépassement de soi. Je suis particulièrement passionné par la programmation autant frontend que backend, mais je trouve beaucoup de plaisir à accomplir des tâches d’intégration, de design ou encore de conception. <br /> Je carbure à l’apprentissage et aux nouveaux défis, alors je ne rate pas une occasion d’en apprendre plus sur les nouvelles technologies du web et tout ce qui touche au domaine du multimédia et de la programmation.</p>', '6', '9', '5', '8', '10', 'olivier.12.papineau@gmail.com', 'https://twitter.com/13Papineau', 'https://www.linkedin.com/in/olivier-papineau-aa5847149/', '', '1641534'),
(23, 'Pelletier', 'Emie', '<p>Passionnée des arts sous toutes ses formes, je me définis comme une personne à la fois introvertie et colorée. Accordant une grande importance à la créativité, je considère le design comme un moyen d’expression. Curieuse à temps plein, j’affectionne les nouvelles idées qui répondent aux besoins de chaque projet. De plus, les nouveaux défis d’intégration me motivent continuellement en raison du résultat final réalisé avec précision.</p>\r\n', '6', '8', '5', '10', '7', 'emiepelletier@hotmail.com', '', 'https://www.linkedin.com/in/emie-pelletier-0153b6b6/', '', '1761129'),
(24, 'Rouleau', 'Michel', 'allo', '1', '2', '3', '1', '3', 'mrouleau@cegep-ste-foy.qc.ca', '@mrouleau', 'ddddfasfdasdfa', '60 Rue des Chênes-Verts', 'mrouleau'),
(25, 'Phan', 'Lise', '<p>Bonjour ! </br>\r\nJe m’appelle Lise et je suis une étudiante française en deuxième année de DUT MMI. Je suis venue au Cégep de Sainte-Foy afin d’effectuer la fin de mon diplôme et de vivre une expérience incroyable. </p>\r\n\r\n<p>Créative et rigoureuse, cette formation répond parfaitement à mes attentes. Je développe ma sensibilité artistique tout en acquérant des compétences techniques. Intéressée par le développement front, je suis toujours à la recherche de nouveaux outils afin de créer des interfaces ergonomiques et design, sans oublier d’y ajouter ma petite touche d’originalité. </p>\r\n\r\n<p>Passionnée de voyages, je rêve de parcourir le monde. J’aime découvrir de nouveaux paysages ainsi que de nouvelles cultures. </p>', '5', '9', '8', '9', '7', 'lisephan2000@gmail.com', '', 'https://www.linkedin.com/in/lise-phan-7ab3961a1/', '', '2032177'),
(26, 'Laazayri', 'Issam', '<p>Je suis un étudiant étranger venant de France et dans le cadre d\'un échange universitaire, j\'ai intégré la session 6 de la TIM. Je suis passionné par toutes les nouvelles technologies ainsi que le jeu vidéo, c\'est pourquoi je suis ici en TIM. </p><p>Ma force se trouve dans le développement <span lang=\"en\">front-end</span> car depuis le début de mes études en multimédia, j\'ai toujours adoré intégrer et animer du contenu sur le web avec des langages informatiques tels que le <abbr title =\"HyperText Markup Language\"><strong>HTML</strong></abbr>, le <abbr title =\"Cascading Style Sheet\"><strong>CSS</strong></abbr> et le <strong>JavaScript</strong>. Mais ce n\'est pas pour autant que j\'ai délaissé le <span lang=\"en\"><strong>back-end</strong></span>.</p>\r\n<p>Je souhaite dans un premier temps me spécialiser en <span lang=\"en\"><strong>back-end</strong></span> puis par la suite devenir un développeur <span lang=\"en\"><strong>full-stack</strong></span>.</p>', '6', '5', '6', '10', '8', 'issam-laazayri@hotmail.com', '', 'https://www.linkedin.com/in/issam-laazayri-712b00152/', 'http://portfolio-laazayri-issam.000webhostapp.com/', '2001969');

-- --------------------------------------------------------

--
-- Table structure for table `projet`
--

CREATE TABLE `projet` (
  `id` mediumint(8) UNSIGNED NOT NULL,
  `titre` varchar(70) COLLATE utf8mb4_unicode_ci DEFAULT NULL,
  `technologies` text COLLATE utf8mb4_unicode_ci NOT NULL,
  `description` text COLLATE utf8mb4_unicode_ci,
  `url` varchar(100) COLLATE utf8mb4_unicode_ci DEFAULT NULL,
  `est_expose_galerie` tinyint(1) NOT NULL DEFAULT '0',
  `session_realisation` tinyint(1) NOT NULL DEFAULT '1',
  `diplome_id` smallint(5) UNSIGNED NOT NULL DEFAULT '0'
) ENGINE=InnoDB DEFAULT CHARSET=utf8mb4 COLLATE=utf8mb4_unicode_ci;

--
-- Dumping data for table `projet`
--

INSERT INTO `projet` (`id`, `titre`, `technologies`, `description`, `url`, `est_expose_galerie`, `session_realisation`, `diplome_id`) VALUES
(1, 'The Elders Scrolls - Le quiz', 'TypeScript, HTML, JSON', 'PWA sur un jeux vidéo', 'https://quiz-du-prof.herokuapp.com/', 0, 2, 24),
(2, 'La quête de Pedro', 'TypeScript, <abbr title=\"Cascading Style Sheets\">CSS</abbr>, <abbr title=\"Hypertext Markup Language\">HTML</abbr>', '<p>Jeu en ligne s’adressant aux enfants d’âge primaire, où un protagoniste doit tirer un projectile sur un antagoniste pour faire des points et réussir le jeu. Aidez Pedro le coati à entrer la réserve de nourriture en tassant les furieux agoutis de son chemin !</p>', 'https://gabrielverret.com/public/projets/pedro/', 0, 1, 11),
(3, 'Orbite : Le quiz spatial', 'TypeScript, <abbr title=\"Hypertext Preprocessor\">PHP</abbr>, <abbr title=\"Cascading Style Sheets\">CSS</abbr>', '<p>Quiz sur l’exploration spatiale s’adressant à tout public, comportant trois questions et une rétroaction sur chacune d’entre elles.</p>', 'http://quiz-orbite.herokuapp.com/', 0, 1, 11),
(4, 'Librairie Traces', '<abbr title=\"Hypertext Preprocessor\">PHP</ abbr >,  <abbr title=\"Asynchronous Javascript and XML\">AJAX</abbr>', '<p>Le projet Traces est une librairie en ligne utilisant une base de données massive et ayant une section transactionnelle. Il a été réalisé en équipe avec <a href= \"#\">Christine Daneau-Pelletier</a> et <a href= \"#\">Marie-Noëlle Grant</a> en cinquième session. Je m’occupais personnellement du catalogue des livres et du formulaire pour entrer les données de paiement et de livraison. Les données devaient par la suite être enregistrées dans la base de données.</p><p>J’ai adoré ce projet, car il touchait à beaucoup de volets de notre formation et était très massif en termes de travail. Il m’a sensibilisée à la réalité du milieu et était varié dans les tâches à accomplir. C’était également une bonne entrée en la matière pour le volet transactionnel du web, qui est un volet en expansion constante.</p>', '', 0, 5, 3),
(5, 'Fruité - jeu vidéo', 'TypeScript, CreateJS, Adobe Animate, Adobe Illustrator', '<p>Le projet du jeu vidéo a été réalisé à la quatrième session. Nous devions réaliser un jeu de tir à la troisième personne sur un thème de notre choix. Nous devions concevoir une histoire, créer les médias graphiques, les animer, programmer l’interaction en orienté-objet et intégrer le tout dans une page. C’était notre premier projet en mode orienté-objet.</p>\r\n<p>Mon jeu consiste en une petite fée, Firy, qui doit tirer sur de petits gâteaux dans le but de les transformer en fruits. Le fruit ainsi créé reste en place et est aléatoire entre trois images (fraise, melon ou ananas). Quand elle atteint 10 gâteaux touchés, elle passe au niveau 2. Elle doit également éviter les barres de chocolat. De plus, il fallait programmer d’autres éléments, comme les sons et le décor défilant. J’ai adoré faire ce projet, car le volet programmation était très complexe et je sentais que j’avais une liberté artistique.</p>', '', 0, 4, 3),
(7, 'Capitaine Énergie', 'TypeScript, Animate, Audition, Illustrator', '<p>Lors de la 2<sup>e</sup> année de la technique, nous avions le mandat de créer un jeu à l\'aide de TypeScript en orienté objet. Capitaine Énergie est un super héros qui protège la Terre d\'une invasion extraterrestre. Il peut tirer des boules d\'énergie pour faire exploser les missiles, et doit éviter les mines.</p> ', '', 0, 4, 9),
(9, 'Librairie Traces', 'Blade, <abbr title=\"Hypertext Preprocessor\">PHP</abbr>,  <abbr title=\"TypeScript\">TypeScript</abbr>, Blade, <abbr title=\"Cascading Style Sheet\">CSS</abbr>, <abbr title=\"Asynchronous JavaScript and XML\">AJAX</abbr>', '<p>Le plus gros projet de 5<sup>e</sup> session consistait à faire une réaliser de commerce électronique pour la librairie Traces. Ce site est était réalisé avec Blade PHP, pour nous donner un bon départ pour utiliser Laravel. J\'étais en équipe avec <a href=\"#\">Olivier Papineau</a> et <a href=\"#\">Zachary Nicol-Prévost</a> pour ce projet.</p>', '', 0, 5, 9),
(10, 'Projet Jeu – Beppo et les pirates de l’espace', 'Animate, TypeScript, ActionScript', '<p>Le projet avait pour bût de nous acclimater à la programmation orientée objet pour les projets a venir. Le mandat était de créer un jeu de type <span lang=\"en\">shooter</span> dont le thème et le contexte était libres au développeur. Au cours de plusieurs semaines, nous avons lentement ajouter des fonctions jusqu’au jeu final ou chaque étudiant avait son propre jeu avec au moins une fonction extra qui n’était pas mandatée.</p>', '', 0, 1, 18),
(11, 'Tourmaline – Agence Web Fictive', 'Wordpress, <abbr title=\"Hypertext Preprocessor\">PHP</ abbr >', '<p>Il s’agissait d’une introduction au <abbr title=\"système de gestion de contenu\">SGC</abbr > Wordpress. Le mandat était de créer une agence web fictive en équipes de 4 et d’en développer le site web de présentation. Il s’agissait d’une bonne introduction aux <abbr title=\"système de gestion de contenu\">SGC</abbr> ainsi qu’une bonne initiation au travail d’équipe en agence. De plus, laisser aller son imagination par rapport a l’identité de son agence à rendu le projet très personnalisable et amusant a produire.</p>', '', 0, 1, 18),
(13, 'Traces', 'PHP, Javascript, Bootstrap, SASS.', '<p>Le projet Traces fût réalisé en équipe lors de la 5ème session. Il s\'agit d\'une librairie en ligne 100% fonctionnelle avec toutes les étapes de la transaction, du catalogue jusqu\'à la confirmation de la commande; tout y es!</p>', '', 0, 5, 20),
(14, 'Festival OFF de Québec', 'Sketch, <abbr title=\"Hypertext Preprocessor\">PHP</abbr>,  <abbr title=\"Syntactically Awesome Style Sheets\">SASS</abbr> et jQuery', '<p>Le Festival OFF de Québec est un festival indépendant de découvertes musicales situées en basse ville. Pour le projet, la demande était de faire un site avant-gardiste, mettant de l\'avant l\'audace, la nouveauté, la diversité ainsi que la qualité. Notre mandat était d\'appliquer des méthodes de gestion Agile pour le suivi du projet et d\'utiliser les bibliothèques Normalize, Susy et jQuery pour l\'intégration. De plus, c\'était une première expérience de programmation en <abbr title=\"Hypertext Preprocessor\">PHP</abbr> pour le traitement et l\'affichage de données.</p>', '', 0, 3, 1),
(15, 'Librairie Traces', '<abbr title=\"Modèle-Vue-Contrôleur\">MVC</ abbr >, Git, <abbr title=\"Asynchronous Javascript and XML\">AJAX</abbr> et TypeScript', '<p><a href=\"#\">Andréa Deshaies</a>, <a href=\"#\">Simon-Gabriel Côté-Poulin</a> et moi-même avons eu le mandat de créer le site web de e-commerce d\'une librairie en ligne. Pour ce projet, la demande était de faire un site transactionnel fonctionnel, de l\'étape d\'ajout au panier à l\'étape de  confirmation. Le versionnage avec Git et l\'utilisation de la structure <abbr title=\"Modèle-Vue-Contrôleur\">MVC</abbr> nous ont permis d\'être très efficaces lors du développement. De plus, l\'ajout de fonctionnalités asynchrones à l\'aide d\'<abbr title=\"Asynchronous Javascript and XML\">Ajax</abbr>, nous a permis d\'ajouter une touche d\'interactivité pour améliorer l\'expérience utilisateur.</p>\r\n\r\n', '', 0, 5, 1),
(16, 'La Bataille de la Ferme Schrute', 'Typescript, Adobe Illustrator.', '<p>La Bataille de la Ferme Schrute est un jeu programmé en Typescript (createJS). Le visuel à été entièrement réalisé dans Illustrator, en vectoriel. Le but du jeu est de toucher 10 ennemis (les ours) afin de passer au niveau suivant, tout en évitant les obstacles. Le héro, qui provient de la série télé à succès <span lang=\"en\">The Office</span>, peux se faire toucher jusqu\'à trois fois avant que la partie soit finie.</p>', '', 0, 4, 20),
(17, 'Traces', '<abbr title=\"Hypertext Preprocessor\">PHP</abbr>,\r\n<abbr title=\"Asynchronous Javascript and XML\">AJAX</abbr>,\r\nTypeScript', '<p>Traces est un éditeur et libraire de Québec. Le mandat était de produire un site vitrine permettant aux utilisateurs l’achat en ligne de livres à caractère historique. Le projet se faisait en équipe de trois composée de moi-même, <a href=”#”>Camille Dion-Bolduc</a> et <a href=”#”>Émie Pelletier</a>. J’étais en charge de la fiche du livre, du panier et j’ai participé au formulaire transactionnel pour la validation côté client.</p>', '', 0, 5, 2),
(18, 'L’esprit du Nord - Jeu', 'Figma, TypeScript, createJS, Adobe Animate, Programmation orientée objet', '<p>Dans le cadre d’un cours de réalisation, nous devions produire un jeu de tir à la troisième personne. J’ai donc choisi d’utiliser cette opportunité pour sensibiliser les gens face au réchauffement climatique. Ainsi, le joueur contrôle un ours polaire qui a pour mission de refroidir l’Arctique afin de sauver son habitat.</p>', '', 0, 4, 2),
(19, 'Projet Jeu en ligne : Cours Koi, cours!', 'TypeScript, CreateJs, Adobe Animate, Adobe Illustrator', '<p>Le but de ce projet était de réaliser un petit jeu en ligne du type « tir à la troisième personne », en prenant en charge toutes les étapes de la réalisation, du <span lang=”en”>game design</span> à la programmation orientée objet complète du jeu. Nous devions aussi faire la création de tous les éléments graphiques nécessaires, ainsi que l’animation de ces derniers. Dans le jeu, vous aidez Koi le poisson à échapper de la maison en frétillant de bocal en bocal, tout en évitant obstacles et ennemis!</p>', ' https://vimeo.com/387075862', 0, 4, 6),
(20, 'Site web d’entreprise/wordpress : Magenta Babies', 'Wordpress, <abbr title=\"Hypertext Preprocessor\">PHP</abbr>, <abbr title=\"Hypertext Markup Language\">HTML5</abbr>, <abbr title=\"Cascading Style Sheets\">CSS</abbr>', '<p>Nous devions ici concevoir en équipe le site dynamique d’une entreprise web fictive, en appliquant les concepts de la méthode Agile. Nous faisions aussi l’apprentissage de WordPress, ainsi que la création d’un thème personnalisé de zéro. En plus de m’occuper du développement <span lang=\"en\">responsive</span> de la page d’accueil (programmation et intégration), j’ai aussi eu le mandat de la direction artistique du site, et donc de créer et uniformiser les différents éléments graphiques du design.</p><p>Réalisé conjointement avec mes coéquipiers Eliott Régnier (page des réalisations), Sara Bilodeau (page de l’équipe) et <a href=”#”>Martin Cavanagh</a> (page des services).</p>', ' https://vimeo.com/341852580', 0, 4, 6),
(21, 'Application web : N’oublie pas le tofu', '<abbr title=\"Hypertext Preprocessor\">PHP</abbr>, <abbr title=\"Hypertext Markup Language\">HTML5</abbr>', '<p>Pour ce projet en équipe, nous devions réaliser une application web permettant de gérer des listes d’items au choix de l’utilisateur. Nous devions donc programmer tout pour permettre l’ajout, la suppression, le changement d’état ainsi que la modification des listes et de leurs items. C’était notre deuxième expérience avec la manipulation de données venant d’une base de données.</p><p>Pour ma part, j’ai fait l’intégration, la programmation et les choix design pour la page montrant une liste, puis le menu et l’en-tête <span lang=\"en\">responsive</span> présents sur toutes les pages. Les choix du design général ont été fait conjointement avec ma collègue <a href=”#”>Christine Daneau-Pelletier</a></p>', ' https://vimeo.com/387080198', 0, 3, 6),
(22, 'Librairie en ligne : Traces', '<abbr title=\"Asynchronous Javascript and XML\">Ajax</abbr>, <abbr title=\"Modèle-Vue-Contrôleur\">MVC</abbr>', '<p>Pour ce projet en équipe, nous devions réaliser le site complet d’une librairie en ligne, avec section d’e-commerce de base. Une structure <abbr title=\"Modèle-Vue-Contrôleur\">MVC</abbr> était à la base de la programmation, et plusieurs petites insertions de <abbr title=\"Asynchronous Javascript and XML\">Ajax</abbr> permettaient d’améliorer la rétroaction immédiate pour l’utilisateur. Pour ma part, j’étais responsable de la page d’un livre (page article), de tout ce qui avait trait à l’ajout d’un article au panier, ainsi que la page du panier lui-même. Mes co équipières <a href=”#”>Christine</a> et <a href=”#”>Marie-Pierre</a> ont couvert respectivement l’accueil/la direction visuelle/la connexion au site, et le catalogue de livres/la section transactionnelle du site.</p>', ' https://vimeo.com/387080852', 0, 5, 6),
(23, 'Librairie Traces', 'Git, \r\n<abbr title=\"Hypertext Preprocessor\">PHP</abbr>, \r\n<abbr title=\"Modèle-Vue-Contrôleur\">MVC</ abbr >', '<p>Pour le projet Traces, le mandat était de bâtir un équipe le site d’une librairie spécialisée dans les ouvrages historiques. Étant donné de la nature du commerce, il était demandé de faire la conception et l’intégration d’un système de commerce en ligne ou eCommerce, afin que les clients puissent magasiner dans le confort de leur foyer. Beaucoup d’heures de travail ont été mis dans ce projet et toute l’équipe en est ressortie fière.</p>', '', 0, 5, 22),
(24, 'N’oublie pas le tofu!', '<abbr title=\"Asynchronous Javascript and XML\">AJAX</abbr>,\r\n<abbr title=\"Hypertext Preprocessor\">PHP</abbr>,\r\nJavascript', '<p>N’oublie pas le tofu était un projet consistant à développer une application de listes de choses à ne pas oublier, comme le tofu dans certaines listes d’épicerie. Cette application a servi à consolider notre apprentissage de la base du langage PHP, et à pouvoir effectuer des opérations <abbr title=\"Create, Read, Update, Delete\">CRUD</abbr> à l’aide d’une base de données.</p>', '', 0, 3, 22),
(25, 'N’oublie pas le tofu!', '<abbr title=\"Asynchronous Javascript and XML\">AJAX</abbr>,\r\n<abbr title=\"Hypertext Preprocessor\">PHP</abbr>,\r\nJavascript', '<p>N’oublie pas le tofu était un projet consistant à développer une application de listes de choses à ne pas oublier, comme le tofu dans certaines listes d’épicerie. Cette application a servi à consolider notre apprentissage de la base du langage PHP, et à pouvoir effectuer des opérations <abbr title=\"Create, Read, Update, Delete\">CRUD</abbr> à l’aide d’une base de données.</p>', '', 0, 3, 22),
(26, 'Startut', '\"<abbr title=« Hypertext Preprocessor »>PHP</abbr>, JavaScript, <abbr title =\"Cascading Style Sheet\">CSS</abbr>', '<p>Dans le cadre de notre projet tutoré, <a href=«#»> Lise </a> et moi devions développer un site web de tutoriels pour les étudiants de deuxième année de DUT Métiers du Multimédia et de l’Internet de Champs-sur-marne. <br>\r\nCes tutoriels ont été écrits par nous-mêmes, sont adaptés pour les débutants et sont issus de notre auto-formation sur les sujets mentionnés. <br>\r\nNous avons commencé par étudier le marché afin de mieux comprendre les besoins de notre cible mais également afin de nous différencier de nos concurrents en ajoutant une plus value.\r\nNous avons conçu le site à l\'aide du logiciel Adobe XD et nous avons utilisé JavaScript, <abbr title =\"Hypertext Markup Language »>HTML</abbr>,\r\n<abbr title =\"Cascading Style Sheet\">CSS</abbr>  et <abbr title=\"Hypertext Preprocessor\">PHP</abbr> pour développer ce site.\r\n</p>', 'jennifernukafu.fr/startut', 0, 4, 21),
(28, 'BodyShop', 'Adobe Illustrator, Adobe Muse.', '<p>Un projet visant à faire une voiture en <abbr title=”Scalable Vector Graphics”>SVG</abbr> et de mettre des marques semblants à un tatouage. Tout cela afin de développer ses capacités sur les technologies utilisées. Ensuite, fallait utiliser ces images de voiture sur un site fictif de service pour les voitures. Tout cela en créant un logo circulaire pour la marque du service.</p>', 'https://timblogues2017martincavanagh.wordpress.com/2017/09/20/bodyshop/', 0, 1, 13),
(29, 'Photomontage image impossible', 'Adobe Illustrator, Adobe Muse, Adobe Photoshop', '<p>Un projet de réaliser des images modifiées à donner illusion de la réalité. Tout cela afin d’améliorer ses capacités sur les logiciels de photomontage.</p>', 'https://timblogues2017martincavanagh.wordpress.com/2017/11/01/photomontage-image-impossible/', 0, 1, 13),
(30, 'Livreur de foy', 'Sketch, Axure, la suite Adobe.', '<p>Travail d’un faux projet sur une application pour commander les plats et les livraisons de la cafétéria scolaire, le Coopsco. Cela pour apprendre à faire des tests d’utilisateur et à faire des observations sur le terrain des futurs clients. Une simulation d’un projet d’un client en respectant l’accessibilité.</p>', 'https://timblogues2017martincavanagh.wordpress.com/2018/12/07/livreur-de-foy/', 0, 1, 13),
(31, 'Vidéo promotionnelle Technique d’intégration multimédia', 'Adobe After Effect, Adobe Audition, Adobe Premiere Pro', '<p>Un travail de montage vidéo sur le thème de mettre en valeur la technique d’intégration multimédia. Prendre des photos sur la technique et de les utilisés en avantage avec l’accord les membres de la technique.</p>', 'https://vimeo.com/337030552', 0, 4, 13),
(32, 'Astine Potine', 'Adobe After Effect, Adobe Audition, Adobe Illustrator, Adobe Premiere Pro', '<p>Projet d’animation d’un logo de notre choix. Celui choisi est un projet donné et à l’accord avec <a href=\"https://ca.linkedin.com/in/luc-duchesne-99559354\"><strong>Luc Duchesne</strong></a>, connu sous le nom de <strong>Luduc</strong> dans son ancien projet <a href=\"https://astinepotine.baladoquebec.ca/\"><strong>Astine Potine</strong></a>. \r\nUn honneur de faire un travail pour un professionnel sur la création de web et pour une personnalité gentille.</p>', 'https://vimeo.com/325465372', 0, 4, 13),
(33, 'Le retard', 'Adobe Premiere Pro, Adobe Audition, Adobe After Effect, Caméra', '<p>Faire une vidéo d’une histoire courte sans parole, mais qu’avec la musique et les prise de vue pour partager les émotions. Bon entrainement sur la complexité des subtilités. L’histoire est décider à chacun, le miens est juste un étudiant qui se met en retard, mais le cours était annulé.</p>', 'https://vimeo.com/305076167', 0, 3, 13),
(35, 'Son', 'Adobe Audition, Adobe Premiere Pro', '<p>Avec une courte vidéo d’une personne qui marche dans la forêt à la première vue, le control des sons et de l’ambiance est le défi.</p>', 'https://vimeo.com/291794702', 0, 3, 13),
(37, 'Mission Gerkot aw', 'TypeScrips, Adobe Animate, JQuery', '<p>Un projet de faire un jeu vidéo afin d’apprendre à utiliser de la programmation orienté objet. Un jeu de tire à la troisième personne de côté avec un protagonisme, avec des antagonismes, avec des obstacles, avec un décor et avec un projectile.</p>', '', 0, 4, 13),
(38, 'Quiz', '<abbr title=\" Syntactically Awesome Stylesheets \"> sass</abbr>, heroku, <abbr title=\"Hypertext Preprocessor\">PHP</abbr>,', '<p>Travail d’un quiz sur tout sujet pour utiliser les animations à partir de <abbr title=\" Cascading Style Sheets\"> css</abbr> et de la complexité d’avoir un résultat en ligne ou hors ligne. Dépendant de la connection et des codes activé d’une application et de le mettre sur un serveur.</p>', 'https://quiz-connaissance-draconique.herokuapp.com/', 0, 5, 13),
(39, 'Agence Wordpress', 'Wordpress, <abbr title=\"Hypertext Preprocessor\">PHP</abbr>', '<p>Pour un apprentissage de Wordpress, on a dû faire un projet de réaliser une fausse agence sur ce format en équipe.</p>', '', 0, 4, 13),
(40, 'Trace', '<abbr title=\" Syntactically Awesome Stylesheets \">sass</abbr>, <abbr title=\"Hypertext Preprocessor\">PHP</abbr>, courriel', '<p>Il est nécessaire d’apprendre le système d’achat en ligne. Le projet Trace a été un faux site d’achat de livre avec son panier, le système de payement et son envoie de courriel.</p>', '', 0, 5, 13),
(41, 'Librairie Traces', '<abbr title=\"Hypertext Preprocessor\">PHP</abbr>,\r\n<abbr title=\"Asynchronous Javascript and XML\">Ajax</abbr>\r\n\r\n', '<p>Lors de la 5e session, nous avons réalisé en équipe ce projet d’envergure. Ce projet consistait à réaliser en équipe <strong>un site web transactionnel</strong> pour la librairie Traces. Mon mandat, axé beaucoup sur <strong>l’intégration</strong>, consistait à réaliser, entre autres, le <span lang=\"en\">header</span>, le <span lang=\"en\">footer</span>, la fiche d’un livre, le panier et l\'intégration de la section transactionnelle.</p>\r\n<br/>\r\n<p> Projet réalisé avec : <a href=’#’>Alexandre Blanchet</a> et <a href=’#’>Andréa Deshaies</a></p>\r\n', '', 0, 5, 14),
(43, 'Agence Web - Momentum', 'WordPress, PHP, JavaScript, HTML, CSS', 'Dans le cadre du cours de réalisation de produits numériques interactifs, nous avons créé le site de l’agence web fictive Momentum en collaboration avec Alexandrine Sévigny et Gabriel Verret. Le projet consistait à créer le site web d’une agence fictive en utilisant le CMS WordPress. Le projet Momentum a été une précieuse expérience d’apprentissage dans l’utilisation de WordPress, la manipulation d’image et de parallaxe avec JavaScript et l’utilisation de formes organiques dans le design.', '', 0, 4, 19),
(44, 'Agence Web', 'Figma,<abbr title=\"Hypertext Preprocessor\">PHP</abbr>, TypeScript, <abbr title=\"Hypertext Markup Language\">HTML</ abbr >, <abbr title=\"Cascading Style Sheets\">CSS</ abbr >', '<p>Ce projet consistait à créer une agence web fictive, son image de marque, sa signature visuelle ainsi qu’un site web officiel sur WordPress. Mon travail dans l’équipe était de créer la direction visuelle et conseiller mes coéquipiers afin de garder une cohésion dans nos designs respectifs.</p>\r\n<p>Ce projet était notre introduction à WordPress, il nous a permis de comprendre les bases d’un projet utilisant un SGC en plus de nous aider à parfaire nos connaissances en intégration et en CSS.</p>\r\n', 'https://www.figma.com/file/lv1kuHlzlyR2ZZalC6aFbI/1DEUX3-Officiel', 0, 4, 16),
(45, 'Quiz - Autour du thé', '<p><abbr title=\"Hypertext Markup Language\">HTML</abbr >,\r\n<abbr title=\"Syntactically Awesome Style Sheets\">Sass</abbr>,\r\nTypeScript, <abbr title=\"Hypertext Preprocessor\">PHP</abbr></p>\r\n', '<p>Ce projet consiste à réaliser un questionnaire tout en priorisant une interactivité riche et animée. Les micro-animations réalisées en <abbr title=\"Cascading Style Sheets\">CSS</abbr> permettent d’accentuer l’expérience utilisateur et de rendre dynamique l’application. Le projet est également conçu selon les normes d’une  <span lang=\"en\">Progressive Web App</span> afin de consulter le questionnaire sans réseau.</p>', 'https://quiz-autour-du-the.herokuapp.com/', 0, 5, 23),
(46, 'Le Dillinger Quiz', '<abbr title=\"Hypertext Preprocessor\">PHP</abbr>,\r\n<abbr title=\"Progressive Web App\">PWA</abbr>\r\n', '<p>Ce projet consistait à réaliser un quiz sur le sujet de notre choix tout en respectant l’utilisation des copyrights pour les images. Ce projet mettait l\'emphase sur l’utilisation <strong>d’animation <abbr title=\"Cascading Style Sheets\">CSS</abbr></strong> pour rendre le quiz <strong>interactif et plaisant pour l’utilisateur</strong>. Le but était aussi de développer ce quiz en format tablette. </p>', '', 0, 5, 14),
(47, 'Jeu en ligne', '<p>TypeScript, CreateJs, Adobe Animate</p>', '<p>À partir d’un synopsis imaginé par chacun, le projet consiste à concevoir un jeu de tir à la 3e personne. La conception des éléments est réalisée avec Illustrator et leur animation avec Adobe Animate. À l’aide de la programmation, les personnages et les décors sont activés afin de reproduire le synopsis. Mon personnage, SuperNet, doit nettoyer les pièces d’un ordinateur en aspirant les virus et en évitant les antivirus. </p>', '', 0, 4, 23),
(48, 'Festival OFF', '<abbr title=\"Hypertext Markup Language\">HTML</ abbr >, <abbr title=\"Cascading Style Sheets\">CSS</ abbr >, <abbr title=\"Structured Query Language\">SQL</ abbr >, <abbr title=\"Hypertext Preprocessor\">PHP</abbr>.', '<p>Projet de la première session, de la deuxième année. Pour celui-ci nous devions programmer un site d’un festival d’artiste émergeants, moins connus que ceux qui sont aux festivals plus populaires - <strong>le festival OFF</strong>. Nous avons réalisé l’intégration complète de la section d’un artiste en particulier.</p>\r\n\r\n<p>Côté conception, mon idée était de représenter visuellement l’exclusion des artistes qui sortent des normes avec des formes superposées. Ces formes se chevauchent et sortent de ma grille de conception.</p>\r\n\r\n<p>Il s’agissait du premier projet que nous réalisions avec du <abbr title=\"Structured Query Language\">SQL</ abbr > et <abbr title=\"Hypertext Preprocessor\">PHP</abbr>.</p>', 'https://www.behance.net/gallery/75139437/TIM-Session-3-%28Festival-OFF%29', 0, 3, 17),
(49, 'Librairie Traces', '<abbr title=\"Asynchronous Javascript and XML\">Ajax</abbr, >, <abbr title=\"Hypertext Preprocessor\">PHP</abbr> orienté objet, <abbr title=\"Modèle-Vue-Contrôleur\">MVC</ abbr >, JavaScript, JQuery.', '<p>Projet d’équipe réalisé avec <a href=”# ”>Alexandrine C. Sevigny</a> et <a href=”# ”>Emie Pelletier</a>. J’étais en charge du mandat A qui s’occupait de la direction artistique, la page d’accueil, page de connexion et de confirmation de courriel après l’achat.</p>\r\n\r\n<p>Ce fut le projet le plus complexe de la technique, puisque nous avions beaucoup de nouveaux apprentissages comme la connexion d\'un utilisateur, la gestion d\'une très grande base de données et un peu de programmation <abbr title=\"Asynchronous Javascript and XML\">Ajax</abbr> pour certaines tâches précises.</p>', 'https://www.behance.net/gallery/91287125/TIM-Session-5-Librairie-Traces?', 0, 5, 17),
(50, 'Traces', 'f', 'f', 'f', 0, 1, 24),
(51, 'Traces', 'f', 'f', 'f', 0, 5, 24),
(52, 'Jeu - Pur', '<abbr title=\"Cascading Style Sheets\">CSS</ abbr >, TypeScript.', '<p>Conception complète d’un jeu sur navigateur. Les éléments du jeu ont été réalisés avec Illustrator et Photoshop, puis animés sous Animate.</p>\r\n\r\n<p>Le but du jeu est simple; sensibiliser les jeunes à la pollution des océans. On incarne une raie manta qui se donne comme mission personnelle de nettoyer les eaux. Elle est accompagnée d\'un petit poisson, qui représente l\'une de ses vie.</p>\r\n\r\n<p>Le joueur doit tirer sur les déchets qui tombe dans l\'océan, en plus d\'éviter les anguilles qui nageront vers lui. Pour passer au niveau suivant, il doit tirer sur dix déchets. Si le joueur touche aux déchets, sa barre de toxicité augmente. Si le joueur perd sa dernière vie, la partie est terminée.</p>', 'https://www.behance.net/gallery/91287321/TIM-session-4-Pur-%28Jeu%29', 0, 4, 17),
(53, 'Traces', 'f', 'f', 'f', 0, 5, 24),
(54, 'Quiz – À la recherche du bambou', '<abbr title=\"Hypertext Markup Language\">HTML</abbr>, JavaScript, <abbr title=\"Hypertext Preprocessor\">PHP</abbr>, <abbr title=\"Cascading Style Sheets\">CSS</abbr>.', '<p>Ce projet consistait à créer une application Web progressive sous forme de jeu-questionnaire. Le mandat était de concevoir et de réaliser des interfaces avec et sans JavaScript. De plus, ce jeu-questionnaire avait comme particularité d’offrir beaucoup d’interactivité. Pour ce faire, nous devions utiliser des animations <abbr title=\"Cascading Style Sheets\">CSS</abbr>.</p><p>Ce projet était à réaliser individuellement.</p>', 'http://quiz-a-la-recherche-du-bambou.herokuapp.com/quiz.html', 0, 5, 5),
(55, 'WWI.', '<abbr title=« Hypertext Preprocessor »>PHP</abbr>, JavaScript, <abbr title =\"Hypertext Markup Language\">HTML</abbr>, <abbr title =\"Cascading Style Sheet\">CSS</abbr>', '<p>Dans le cadre d’un projet de première année, nous devions développer un site présentant la formation DUT MMI ainsi que les étudiants de notre promotion. Notre cible était les futurs étudiants souhaitant intégrer la formation. Nous avons donc misé sur un design avec les Bitmoji personnalisé (avatars Snapchat) afin de présenter les étudiants.</p> <p>Durant ce projet, j’avais le rôle de cheffe de projet mais aussi d’intégratrice et de vidéaste. </p>', 'jennifernukafu.fr/wwi ', 0, 2, 21),
(57, 'Traces', '<abbr title=\"Hypertext Markup Language\">HTML</abbr>, <abbr title=\"Cascading Style Sheets\">CSS</abbr>, <abbr title=\"Hypertext Preprocessor\">PHP</abbr>, <abbr title=\"Asynchronous JavaScript and XML\">AJAX</abbr>, <abbr title=\"Structured Query Language\">SQL</abbr>, JavaScript, Blade', '<p>Ce projet était à réaliser en équipe de trois : <a href=\"#\">Élody Levasseur-Côté</a> (conceptrice visuelle), <a href=\"#\">Gabriel Chouinard-Létourneau</a/> (programmeur) et <a href=\"#\">Marie-Li Durand</a> (intégratrice).</p><p>Nous avions comme mandat de concevoir et réaliser un site transactionnel pour la librairie Traces. Nous avons employé l’approche <abbr title=\"Modèle-Vue-Contrôleur\">MVC</abbr> comme structure du site. De plus, pour rendre le site plus dynamique, nous avons utilisé du <abbr title=\"Asynchronous JavaScript and XML\">Ajax</abbr> afin de mettre à jour, par exemple, les informations du panier d’achats.</p><p>De mon côté, je devais concevoir et réaliser la fiche d’un livre et le panier d’achats. J’ai également intégré l’en-tête, le pied de page et la plupart des pages de la section transactionnelle.</p><p>Lors de ce projet, nous devions faire preuve de <strong>créativité</strong>, d’<strong>autonomie</strong> et d’<strong>esprit d’équipe</strong>.</p>', '', 0, 5, 5),
(58, 'Jeu en 2D - La forêt infinie', '<abbr title=\"Hypertext Markup Language\">HTML</abbr>, <abbr title=\"Cascading Style Sheets\">CSS</abbr>, <abbr title=\"Cascading Style Sheets\">TypeScript</abbr>, la suite Adobe CC (Illustrator et Animate).', '<p>Ce projet visait à créer un jeu de tir à la troisième personne. Pour ce projet final de quatrième session, nous devions mettre à profit nos connaissances en conception, en programmation et en animation.</p><p>Plus précisément, le mandat était de concevoir principalement des interfaces vectorielles et d’utiliser la librairie de CreateJS pour l’animation et la programmation.</p><p>Pour le réaliser, nous devions nous servir de l’approche orientée objet qui permettait d’utiliser les notions de classes, d’héritage et d’encapsulation.</p><p>Le jeu devait retrouver un protagoniste, un obstacle et un antagoniste. Son but était de traverser la forêt infinie sans mourir et d’obtenir un certain nombre de points. Pour y arriver, l’utilisateur devait se déplacer et tirer des projectiles à l’aide des flèches du clavier afin de gagner des points. La particularité de mon jeu se caractérisait par un deuxième niveau qui permettait aux antagonistes de cracher des boules de feu.</p>', '', 0, 4, 5),
(59, 'Pixweb - Agence web fictive', '<abbr title=\"Hypertext Preprocessor\">PHP</abbr > et WordPress', '<p>Création d\'un site d\'une agence web fictive dans le but d\'apprendre les fonctionnalités de WordPress</p>', '', 0, 4, 12),
(60, 'Projet Jeu - L\'évasion pirate', 'JavaScript, TypeScript, ActionScript.', '<p>Projet consistant à créé un jeu entièrement en programmation orienté objet. </p>', '', 0, 4, 12),
(62, 'Festival OFF', '<abbr title=\"Hypertext Preprocessor\">PHP</abbr>, <abbr title=\"Structured Query Language\">SQL</ abbr >, Figma, <abbr title=\"Hypertext Markup Language\">HTML</ abbr >, <abbr title=\"Cascading Style Sheets\">CSS</ abbr >', '<p>L’objectif du projet OFF était de concevoir individuellement un design pour un festival de musique émergente et ensuite réaliser un prototype fonctionnel du site.</p>\r\n<p>Le défi principal du projet était de gérer une base de données contenant tous les artistes et les informations nécessaires au site en MVC. Le projet nous a permis de bien comprendre le fonctionnement du PHP avant d’apprendre de nouvelles techniques de travail.</p>\r\n', 'https://www.figma.com/file/OL42Iv0kbmmlXBDtkwRNfp1x/OFF.', 0, 3, 16),
(63, 'Pagaie Québec', 'Figma', '<p>Pour le projet Pagaie Québec, il fallait principalement répondre au besoin de gestion du client. Son logo déjà établi, nous étions chargés de concevoir un site web ainsi que de prototyper une section de gestion d’inscription et de calendrier pour les activités de plein air organisées par le groupe</p>\r\n<p>Ce projet m’a permis d’approfondir mes capacités en conception d’application web en plus d’explorer les possibilités de prototypage offertes par Figma</p>\r\n', 'https://www.figma.com/file/JrKbLJ4gXjvtQLVfn4W7MM0t/Projet-3-PagaieQc?node-id=1%3A2', 0, 4, 16),
(64, 'Librairie Traces', 'Figma,<abbr title=\"Hypertext Preprocessor\">PHP</abbr>, TypeScript, <abbr title=\"Hypertext Markup Language\">HTML</ abbr >, <abbr title=\"Cascading Style Sheets\">CSS</ abbr >', '<p> L’objectif était de concevoir, intégrer et programmer un site transactionnel pour une librairie à vocation historique. Mon travail était de créer la direction visuelle pour le projet en plus de participer à son intégration et à sa programmation. </p>\r\n<p>Ce projet nous a permis de comprendre en profondeur le fonctionnement d’un site de commerce en ligne et de réviser des notions de design axé sur l’expérience utilisateur ainsi que la conception de formulaire efficaces.</p>\r\n', 'https://www.figma.com/file/0CBucqemcOVNPhNfeQYmny/TracesOfficiel?node-id=0%3A1', 0, 5, 16),
(65, 'Librairie - Traces', '<p><abbr title=\"Hypertext Markup Language\">HTML</abbr>, <abbr title=\"Syntactically Awesome Style Sheets\">Sass</abbr>, TypeScript, <abbr title=\"Hypertext Preprocessor\">PHP</abbr>, <abbr title=\"Modèle-Vue-Contrôleur\">MVC</abbr>, <abbr title=\"Structured Query Language\">SQL</abbr></p>', '<p>La librairie Traces est une maison d’édition raffinée qui s’adresse à tous les amateurs d’histoire. Afin de faciliter les achats et augmenter la clientèle en ligne, nous avons conçu en équipe de trois un site de commerce en ligne. Les clients sont ainsi en mesure de consulter le catalogue des livres et d’effectuer une transaction de manière sécuritaire tout en ayant un compte avec leurs informations personnelles.  La direction artistique est réalisée par <a href=\"#\"> Camille Dion-Bolduc</a> qui a comme mandat la page d’accueil. La fiche d’un livre est intégrée par <a href=\"#\">Alexandrine Sévigny </a> et le catalogue est conçu par moi-même.</p>', '', 0, 5, 23),
(66, 'Vidéo promotionnelle de la TIM', 'Adobe After Effects, Adobe Audition et Adobe Premiere', '<p>Dans le cadre du cours de montage plurimédia en session 4, nous devions produire une courte publicité visant à présenter la technique. J\'ai eu eu beaucoup de plaisir à explorer le logiciel d\'Adobe After Effects pour créer des effets et transitions inusitées.<p>', 'https://vimeo.com/337149074', 0, 4, 2),
(67, 'Librairie Traces | Boutique e-commerce', '<abbr title=”Cascading Style Sheets”>CSS</abbr>, TypeScript, <abbr title=\"Asynchronous Javascript and XML\">AJAX</abbr> et <abbr title=\"Hypertext Preprocessor\">PHP</abbr>.', '<p>La librairie Traces est une application de commerce électronique <span lang=”en\">responsive</span> spécialisée dans les livres dédiés à l’histoire. Elle est principalement dédiée aux gens passionnés de sciences humaines et d’histoire, aux professeurs ainsi qu’aux étudiants de tous niveaux.</p>\r\n<p>Les sections catalogue et transactionnelle ont été développé afin d’approfondir les connaissances apprises durant les deux premières années de la technique.</p>\r\n<p>Ce projet a été réalisé à l’aide de deux collègues, soit <a href=”#”>Marie-Li Durand</a> et <a href=”#”>Gabriel Chouinard-Létourneau</a>.</p>\r\n', '', 0, 5, 8),
(68, 'Quiz Mont Everest', '<abbr title=\"Cascading Style Sheets\">CSS</abbr>, TypeScript, <abbr title=\"Hypertext Preprocessor\">PHP</abbr>.', '<p>Le jeu-questionnaire est une <span lang=\"en\">Progressive Web App</span> comportant des animations ainsi que plusieurs transitions <abbr title=\"Cascading Style Sheets\">CSS</abbr>. Il a été créé et rédigé à partir d’un thème choisi personnellement. </p>\r\n<p>L’emphase était particulièrement mise sur l’interactivité afin que l’utilisateur puisse répondre au jeu-questionnaire avec satisfaction.</p>', 'https://quiz-mont-everest.herokuapp.com/', 0, 5, 8),
(70, 'Roadtrip', 'Sketch, Adobe Photoshop, Figma', '<p>Pour Roadtrip, nous devions faire l\'analyse d\'un besoin client et la transposer en maquette. Il s\'agissait de notre premier projet où nous devions respecter les demandes d\'un vrai client. Les maquettes ont été produites selon différentes tailles d\'écran. Le défi de ce projet était l\'affichage des contenus. Nous devions afficher une grande quantité d\'informations de façon succincte, claire et précise.</p>', '', 0, 2, 2),
(71, 'Destination Roadtrip', 'Photoshop et Sketch.', 'Le projet Destination Roadtrip est une réalisation d’interface selon une clientèle cible choisie parmi trois proposées. Il présente globalement les activités d’un <span lang=\"en\">roadtrip</span> dans l’Ouest canadien. Ce projet demandait également un traitement vigoureux des images et une organisation du contenu soignée.', '', 0, 2, 8),
(72, 'Pagaie Québec', 'Figma, Axure', '<p>Le projet Pagaie Québec visait à réfléchir au contenu d\'une page web et à concevoir une maquette qui présenterait les activités nautiques de Pagaie Québec. L\'importance était posée sur la hiérarchie des contenus, sur la présentation visuelle et sur la clarté de l\'interface. J\'ai bien aimé ce projet car la réflexion rattachée était intéressante et le résultat m\'a plu visuellement.</p>', '', 0, 4, 3),
(74, 'Traces', '<abbr title=\"HyperText Markup Language\">HTML</abbr> - <abbr title=\"Syntactically Awesome Stylesheets\">Sass</abbr> - TypeScript - <abbr title=\"Programmation Orienté Objet\">POO</abbr> - <abbr title=\"Modèle Vue Controleur\">MVC</abbr> - <abbr title=\"Personal Home Page\">Php</abbr> - Git - Gulp - Figma', '<p>La Librairie Traces a été un défi de programmation, car nous devions produire un site web orienté objet avec une structure MVC (Modèle, Vue, Controlleur). Ce projet a été fait en équipe avec <a href=\"\">Marie-Noëlle Grant</a> (fiche du livre, fil d\'Ariane, panier et validation côté client) et <a href=\"\">Marie-Pierre Cardinal-Labrie</a> (recherche avec AJAX et catalogue). Dans ce projet, j\'ai fait le design, la programmation et l\'intégration de l\'accueil et la de section de la connexion / création de compte, l\'envoi de courriels automatisés après une transaction et enfin styler l\'impression de la facture.</p><p>J\'ai aussi utilisé AJAX pour charger de façon asynchrone les données dynamiques des coups de coeur et de la vérification de la disponibilité du courriel. La partie amusante a évidemment été de faire les styles SASS (CSS3) particulièrement de travailler en grid la section des coups de coeur.</p><p>Pour une meilleure expérience, la charge de travail (quantité d\'information) a été réduite en mobile.</p>', 'https://www.behance.net/gallery/91340629/Libraire-Traces', 0, 5, 15),
(75, 'Vidéo promotionnelle', 'Adobe After Effects - Adobe Illustrator - Adobe Photoshop - Adobe Audition', '<p>Vidéo promotionnelle pour la TIM - Techniques d’intégration multimédia. Réalisé en 4e session dans le cadre du cours de montage médiatique : plurimédia au Cégep de Sainte-Foy. Ce projet a surtout été centré sur le montage vidéo / audio, le motion design et le traitement d\'image.</p><p>Le dynamisme est amené par le rythme rapide des <i>cuts</i> et des grands contrastes de couleurs. La musique est simple mais tout aussi dynamique et l’image est synchronisée parfaitement sur les temps forts et les changements de section, ce qui crée une introduction, un développement et une conclusion tant auditive que visuelle. </p>', 'https://www.behance.net/gallery/91341197/Vido-promotionnelle-de-la-TIM', 0, 4, 15),
(76, 'Jeu - Quête musicale', 'TypeScript <abbr title=\"Programmation Orienté Objet\">POO</abbr> - Adobe Illustrator - Adobe Audition - Adobe Animate', '<p>Pour ce projet, nous avions à concevoir un univers pour construire un jeu en ligne. J\'ai illustré tous les éléments à la plume vectorielle dans Adobe Illustrator. L\'animation a été fait avec Adobe Animate et la programmation TypeScript en Orienté Objet. </p><p>Synopsis : la musique a été volée, note par note, par les esprits malins de la forêt. Sans la musique, les arbres s’assèchent et meurent peu à peu. Fitch, une créature de la forêt, cherche à retrouver les notes pour restituer la musique à la forêt. Pour cela, il devra trouver et remettre les notes dans le bon ordre pour construire la mélodie demandée. </p><p>Pour cela, il a fallu que je programme la mélodie à compléter en plus de chaque son de la portée pour qu\'elles correspondent selon une hauteur en pixel prédéfini. </p><p>Pour le moment il n\'y a que deux niveau, mais il est possible de faire autant que le temps me le permet. À chaque niveau sa mélodie et la difficulté augmente (obstacles plus rapides et nombreux. </p>', 'https://www.behance.net/gallery/91338051/Jeu-en-ligne', 0, 4, 15),
(77, 'E-club un site pour l\'Esport', '<abbr title =\"Hypertext Markup Language\">HTML</abbr>, <abbr title =\"Cascading Style Sheet\">CSS</abbr> JavaScript et Bootstrap', '<p>Dans le cadre d\'un projet en développement Web, nous devions réaliser seuls en l\'espace de deux mois et demi un site en <span lang=\"en\">responsive</span> design, sur un thème que nous avions choisi.</p> \r\n<p>Le site devait également prendre en compte toutes les règles spécifiques au <strong><abbr title =\"Search Engine Optimization\">SEO</abbr></strong>.</p>\r\n<p>Afin de réaliser ce projet je me suis d\'abord penché sur la conception des maquettes pour déterminer où chaque élément qui m\'était demandé de faire apparaître serait.</p>\r\n<p>Dans un second temps, j\'ai commencé à réaliser la structure de mon site, ayant un grand nombre de pages, je devais alors créer le contenu qui allait figurer sur toutes mes pages comme le <span lang=\"en\">footer</span> et le  <span lang=\"en\">header</span>.</p>\r\n<p>Dans un troisième temps, intégrer le contenu restant en respectant mes maquettes et enfin régler les derniers bugs présents sur le site que se soit pour la version mobile ou web</p>', 'https://e-club-issam-laazayri.000webhostapp.com/index.html', 0, 4, 26),
(78, 'Jeu vidéo', '<abbr title =\"ActionScript 3\">AS3</abbr>, Animate', '<p>C\'est un jeu réalisé en <strong><abbr title =\"ActionScript 3\">AS3</abbr></strong>, que j\'ai réalisé seul durant mon temps libre.</p>\r\n<p>Je souhaitais découvrir un nouveau langage et quoi de mieux qu\'en découvrir un en faisant un jeu. J\'ai donc utilisé l\'éditeur de texte Flashdevelop qui permet de gérer un programme fait en <strong><abbr title =\"ActionScript 3\">AS3</abbr></strong>. Le design des décors et des éléments ont été fait par une connaissance.</p>\r\n<p> Pour le développer, j\'ai dû planifier plusieurs étapes. Dans un premier temps les règles du jeu (comment on gagne). Puis par la suite j\'ai commencé à le coder. Les réglages et les décors se trouvaient sur Animate.</p>\r\n<p>Le but du jeu est assez simple détruire tous les vaisseaux et accumuler des points.</p>\r\n<p>Ce fut pour moi un projet intéressant, car il m\'a permis de mieux gérer un projet, mais aussi d\'approfondir mes connaissances en <abbr title =\"ActionScript 3\">AS3</abbr></p> ', '', 0, 5, 26),
(79, 'Startut', '<abbr title=\"Hypertext Markup Language\">HTML</ abbr >, \r\n<abbr title=\"Cascading Style Sheets\">CSS</ abbr >,\r\nJavascript, <abbr title=\"Hypertext Preprocessor\">PHP</ abbr >', '<p>Startut est mon second projet tutoré réalisé dans le cadre de ma formation. C’est une plateforme proposant des tutoriels destinés aux étudiants de ma promotion. Les tutoriels sont répartis en fonction de trois catégories : le développement, la communication et l’audiovisuel. Au sein de ce projet réalisé en collaboration avec <a href= \"#\">Jennifer Nukafu</a>, j’ai effectué le <span lang=\"en\">webdesign</span> du site, la majeure partie du développement front et ai aidé au développement <span lang=\"en\">back-end.</span></p>', '', 0, 5, 25),
(80, 'C\'Vous', '<abbr title=\"Hypertext Markup Language\">HTML</ abbr >, \r\n<abbr title=\"Cascading Style Sheets\">CSS</ abbr >,\r\nJavascript, <abbr title=\"Hypertext Preprocessor\">PHP</ abbr >', '<p> C’Vous est mon premier projet tutoré réalisé dans le cadre de ma première année de DUT MMI. C’est un projet réalisé par groupe de trois étudiants dans lequel je jouais le rôle de développeuse front. L’objectif était d’y présenter la formation ainsi que les profils de tous les étudiants de ma promotion. </p>', '', 0, 4, 25),
(81, 'Mission Shinobi', '<abbr title =\"Hypertext Markup Language\">HTML 5</abbr>, TypeScript, Adobe Animate, Adobe Illustrator, Adobe Photoshop, create.js', '<p>Dans le cadre du projet final de la session 4, on a réalisé ce jeu 2D en HTML 5 programmé en TypeScript. Ce projet a été entièrement programmé en suivant les basses de la programmation orientée objet ainsi que l’application des habiletés en animation. Dans ce projet, la créativité était mise à l’avant pour créer un produit numérique cohérent, performant et surtout amusant.</p>', '', 0, 4, 7),
(82, 'Festival OFF', '<abbr title =\"Hypertext Markup Language\">HTML</abbr>, <abbr title =\"Cascading Style Sheet\">CSS</abbr>, JavaScript,  <abbr title =\"Hypertext Preprocessor\">PHP</abbr>, \r\n <abbr title =\"Structured Query Language\">SQL</abbr>, Figma, Adobe Photoshop, Axure.', '<p>Le projet consistait à désigner l’interface, programmer et intégrer le site web du festival de musique OFF. Dans ce projet j’ai eu l’occasion d’exploiter une base de données SQL pour faire afficher dynamiquement le contenu et mettre en place un système de filtres et de tri pour la liste d’artistes et de présentations. Aussi, le projet visait à attirer l’attention d’un public jeune, tout en gardant les meilleures pratiques de désign UX et d’accessibilité.</p>', '', 0, 3, 7),
(83, 'Jeu 2D - Alfredo, chasseur de fantômes', 'TypeScript, Adobe Illustrator & Animate', 'Le projet de jeu vidéo consistait à créer un jeu de plateforme 2D de A à Z avec certains composants obligatoires (mécaniques de tirs, détection de contact, décors fixes et mobile, pointages et deux niveaux), mais beaucoup de liberté créative. Les médias ont été créés principalement avec Adobe Illustrator et animés avec Adobe Animate. La programmation a été entièrement réalisée en TypeScript orienté objet.', '', 0, 4, 19),
(84, 'Progressive Web App - Quiz', 'HTML, CSS, JavaScript, PHP', 'Le quiz interactif est un projet développé sur une courte période de temps visant l’exploration des Progressive Web Apps et l’apprentissage d’animations CSS. Le quiz a été développé pour une utilisation sur tablette, l’expérience est séquentiel et entièrement animé (Accueil, 3 questions, page résultat). La vérification des réponses, le pointage et le déclenchement des animations séquentielles sont gérées par JavaScript lorsque celui-ci est activé, sinon le quiz est un one-pager corrigé par PHP.', '', 0, 5, 19),
(85, 'Site d’agence utilisant WordPress - Allegro', '<abbr title=\"Hypertext Preprocessor\">PHP</abbr>\r\n<abbr title=\"JavaScript\">JS</abbr>\r\n<abbr title=\"Hypertext Markup Language\">HTML</abbr>\r\n<abbr title=\"Cascading Style Sheets\">CSS</abbr>\r\n<abbr title=\"WordPress\">WP</abbr>\r\n\r\n', '<p>Pour ce projet, nous devions concevoir et développer le site d’une agence web/marketing fictive. Celui-ci était notre première expérience avec WordPress</p>\r\n\r\n<p>Sur ce projet, mon mandat était celui du « Directeur technique », j’ai gêré le côté technique et programmation du projet. De l’environnement de travail jusqu’à la mise en ligne, la prévention de bugs et crises techniques était ma priorité! Mon équipe et moi nous avons utilisé Slack pour communiquer de façon optimale tout le long du projet.</p>\r\n', '', 0, 3, 4),
(86, 'Site e-commerce - Traces', '<abbr title=\"Hypertext Preprocessor\">Ajax</abbr>\r\n<abbr title=\"JavaScript\">JS</abbr>\r\n<abbr title=\"TypeScript\">TS</abbr>\r\n<abbr title=\"Hypertext Markup Language\">HTML</abbr>\r\n<abbr title=\"Hypertext Preprocessor\">PHP</abbr>\r\n<abbr title=\"Modèle-Vue-Contrôleur\">MVC</abbr>\r\n<abbr title=\"Structured Query Languager\">SQL</abbr>\r\n<abbr title=\"Hypertext Markup Language\">HTML</abbr>', '<p>Première approche du cadriciel MVC, ce projet nous a introduit au monde du e-commerce, un domaine en pleine effervescence qui nous fallait explorer. De la conception à la programmation de transaction, nous avons appris ce qui fonctionne déjà dans la sphère du développement d\'e-commerce. Pour ce projet, j\'ai eu à me consacrer à la programmation de la transaction en utilisant les sessions et cookies générés par notre site web. Je me suis entièrement appliqué sur la programmation de la page catalogue aussi ce qui m\'a permis de comprendre la manipulation d\'un bon nombre de données. </p>\r\n\r\n<p>Traces m\'a permis d\'apprendre beaucoup sur moi-même et sur mes limites. Tant en rapport à mon organisation personnel qu\'au côté technique du développement, je suis donc, aujourd\'hui un meilleur développeur et une meilleure personne aussi. </p>', '', 0, 5, 4),
(87, 'Agence numérique - PIXWEB', 'WordPress, <abbr title =\"Super Awesome Style Sheets\">SASS</abbr>, <abbr title =\"Structured Query Language\">SQL</abbr>, <abbr title =\"Hypertext Preprocessor\">PHP</abbr>, JavaScript, Figma', '<p>Dans ce travail en équipe réalisé sous le principe du développement Agile, on a conçu un site web pour notre propre agence numérique. Ce projet nous a permis d’appliquer nos connaissances du développement de notre propre thème avec le <abbr title =\"Content Management System\">CMS</abbr> Wordpress ainsi que la configuration d\'un environnement de travail basé sur <abbr title =\"Node Package Manager\">NPM</abbr> et <abbr title =\"Super Awesome Style Sheets\">SASS</abbr>.</p>\r\n<p>Ce travail a été réalisé en collaboration avec <a href=\"#\">Emy Pelletier</a>,  <a href=\"#\">Samuel Loranger</a> et  <a href=\"#\">Tommy Blouin-Boudreau</a>.</p>', '', 0, 4, 7);

-- --------------------------------------------------------

--
-- Table structure for table `responsable`
--

CREATE TABLE `responsable` (
  `id` tinyint(3) UNSIGNED NOT NULL,
  `responsabilite` varchar(50) COLLATE utf8mb4_unicode_ci DEFAULT NULL,
  `courriel` varchar(100) COLLATE utf8mb4_unicode_ci DEFAULT NULL,
  `prenom` varchar(50) COLLATE utf8mb4_unicode_ci DEFAULT NULL,
  `nom` varchar(50) COLLATE utf8mb4_unicode_ci DEFAULT NULL,
  `telephone` varchar(50) COLLATE utf8mb4_unicode_ci NOT NULL
) ENGINE=InnoDB DEFAULT CHARSET=utf8mb4 COLLATE=utf8mb4_unicode_ci COMMENT='Coordination, webmestre...';

--
-- Dumping data for table `responsable`
--

INSERT INTO `responsable` (`id`, `responsabilite`, `courriel`, `prenom`, `nom`, `telephone`) VALUES
(1, 'Coordonnateur départemental', 'slamoureux@cegep-ste-foy.qc.ca', 'Sylvain', 'Lamoureux', '(418) 659-6600 poste 6662'),
(2, 'Webmestre', 'mrouleau@cegep-ste-foy.qc.ca', 'Michel', 'Rouleau', '(418) 659-6600 poste 6659'),
(3, 'Responsable des stages', 'stages-tim@cegep-ste-foy.qc.ca', 'Michelle', 'Decorte', '(418) 659-6600 poste 6653'),
(4, 'Responsable \"Étudiant d\'un jour\"', 'bfrigon@cegep-ste-foy.qc.ca', 'Benoît', 'Frigon', '(418) 659-6600 poste 6656');

-- --------------------------------------------------------

--
-- Table structure for table `temoignage`
--

CREATE TABLE `temoignage` (
  `id` tinyint(4) UNSIGNED NOT NULL,
  `temoin` varchar(50) COLLATE utf8mb4_unicode_ci NOT NULL,
  `titre_poste` varchar(150) COLLATE utf8mb4_unicode_ci NOT NULL,
  `entreprise` varchar(100) COLLATE utf8mb4_unicode_ci NOT NULL,
  `url_entreprise` text COLLATE utf8mb4_unicode_ci NOT NULL,
  `temoignage` mediumtext COLLATE utf8mb4_unicode_ci NOT NULL,
  `annee_diplomation` smallint(4) UNSIGNED NOT NULL
) ENGINE=InnoDB DEFAULT CHARSET=utf8mb4 COLLATE=utf8mb4_unicode_ci COMMENT='Témoignages-Professions des diplômés du programme';

--
-- Dumping data for table `temoignage`
--

INSERT INTO `temoignage` (`id`, `temoin`, `titre_poste`, `entreprise`, `url_entreprise`, `temoignage`, `annee_diplomation`) VALUES
(22, 'Francis Chartrand', 'Développeur Web', 'Leonard', 'www.leonarddg.com', 'Lorsque j\'étais au secondaire, j\'ai découvert un intérêt pour la conception de sites Web, la vidéo et Photoshop. La décision d’aller en TIM avait été facile, car la technique me permettait d\'en apprendre davantage sur ce qui me passionnait et plus encore. Ce que je préfère le plus de mon métier est de travailler sur différents aspects d\'un projet, entre autres: l\'analyse, le design et la programmation. C\'est un domaine stimulant et il y a toujours de nouvelles connaissances à acquérir.', 2012),
(23, 'Léo Renaud-Allaire', 'Co-fondateur / Dévelopeur Web', 'Hookt Studios et Didacte', 'www.hooktstudios.com', 'J’ai toujours eu une intérêt pour les technologies, plus particulièrement pour le Web et les interfaces. La TIM était une suite tout à fait logique à mes études secondaires au programme PROTIC. Je n\'ai jamais regretté mon choix! En tant que développeur Web, la vitesse d\'évolution des technologies dans le domaine nous pousse à nous renouveler constamment, ce qui est très motivant. Le Web étant un outil utile dans toutes sortes de contextes, la diversité des projets sur lesquels on peut intervenir est pratiquement infinie et les défis toujours différents.', 2009),
(24, 'Martin Audesse', 'Développeur Back-End', 'Chalifour', 'www.chalifour.net', 'La Techniques d\'intégration multimédia couvre une large partie du monde numérique et puisque je n\'étais pas certain dans quel domaine je voulais me spécialisé, c\'était un choix gagnant! À titre de développeur, j’adore le fait de construire des projets en équipe. J’aime créer l’image complète d’une entreprise qui est ensuite visible partout et disponible sur toutes les plateformes.', 2012),
(25, 'Rémi Prévost', 'Développeur Web', 'Mirego', 'www.mirego.com/fr', 'J’hésitais à me diriger vers une formation spécialisée en graphisme ou en informatique — Techniques d\'intégration multimédia était le mélange parfait entre les deux! Maintenant, j’adore avoir l’opportunité de bâtir des projets qui peuvent faire une différence, aussi mineure soit-elle, dans la vie des gens.', 2007),
(26, 'Richard Vacchino-Marceau', 'Directeur | Programmation et intégration', 'Triomphe marketing et communication', 'www.triomphe.ca', 'L’informatique a toujours été pour moi une passion alors il était logique d\'aller vers un domaine qui me permettait d\'exploiter à fonds toutes mes passions. Graphisme, programmation, gestion de serveur, soutien technique, analyse, évaluation, intégration, gestion de projets, etc. Voilà ce qui défini tout ce qui m\'a attiré vers ce domaine. J\'aime le fait d’être en mesure de toucher à tous les aspects d\'un projet. Je m\'occupe de l\'analyse des besoins des clients, j\'élabore une prévision budgétaire selon les requêtes, je gère la mise en production et les échéanciers puis finalement je m\'occupe de toutes les étapes de la livraison du produit final. Voilà ce que j\'appelle la liberté.', 2010),
(27, 'Mélina Déry', 'Chargée de projets et designer Web', 'Dompteurs de Souris', 'www.dompteurs.com', 'Ayant le profil multimédia au secondaire, je désirais poursuivre dans cette branche au niveau collégial. Ce domaine m’intéressait alors je souhaitais le découvrir d\'avantage et l’approfondir pour en faire ma profession. Maintenant, ce que je préfère le plus dans la pratique de mon métier est le fait de ne pas avoir de routine établie! Chaque journée est différente et m’apporte de nouveaux défis.', 2011),
(28, 'Alexandre Beaulieu', 'Programmeur Web', 'Libéo', 'www.libeo.com', 'La Techniques d’intégration multimédia est vraiment complète et permet d\'ouvrir de nombreuses portes vers le marché du travail. Elle permet de toucher à beaucoup de choses, ce qui rend les étudiants beaucoup plus versatiles. En tant que programmeur Web, j\'adore découvrir de nouvelles technologies. D\'ailleurs, dans ce métier, comme tout change rapidement, ça me permet de garder mon cerveau éveillé et d\'être en constante évolution.', 2012),
(29, 'Hugo Landry-Hamel', 'Chargé de projet & Stratège Web', 'Unik Média', 'www.unikmedia.ca', 'Je me suis dirigé vers la Techniques d\'intégration multimédia pour toucher au Web plutôt qu\'à la programmation \"logiciel\" enseignée en Technique de l’informatique et pour apprendre dans un environnement qui stimule la créativité. Le fait de pouvoir être polyvalent et ainsi pouvoir choisir dans quelle branche je souhaite approfondir mes connaissances et me perfectionner sont ce que je préfère le plus dans la pratique de mon métier.', 2014),
(30, 'Marie-Claude Lizotte', 'Conseillère en communication Web', 'Ville de Québec', 'www.ville.quebec.qc.ca', 'Étant déjà diplômée dans un domaine similaire, je désirais approfondir mes connaissances en développement Web. Puisque j’étais ambivalente entre l’informatique et le graphisme, la Techniques d’intégration multimédia (TIM) rejoignait les côtés cartésien et artistique de ma personnalité. Cette technique est devenue pour moi une voie incontournable et m’a fait découvrir toutes les facettes du domaine en me permettant d’être extrêmement polyvalente et bien outillée. La routine n’existe pas dans ma profession, chaque jour est différent et empreint de défis stimulants. En collaboration avec plusieurs partenaires multidisciplinaires, j’ai la chance de contribuer à l’orientation, à l’analyse et à la réalisation de projets de petite et de grande envergure. Je sais que mon travail peut être un agent facilitant dans le quotidien des gens, c’est ma source de motivation. Mon équipe de travail réalise approximativement 300 demandes par mois et j’ai la chance de pouvoir compter sur trois intégrateurs de la TIM. Ils font la différence!', 2007),
(31, 'Maxime G. Potvin', 'Designer UX', 'Familiprix', 'www.familiprix.com', 'Passionné de design et de programmation, la Techniques d’intégration multimédia était le programme parfait pour m’épanouir. Aujourd’hui, ce que je préfère le plus de mon métier est le dynamisme et l\'évolution rapide des technologies et des tendances!', 2014),
(32, 'Jean-Gabriel Rioux', 'Coordonnateur de projet', 'O2 Web', 'www.o2web.ca', 'La TIM m\'a premièrement attirée parce que je suis un passionné du Web! Par la suite, j\'ai vraiment accroché au programme à cause des gens avec qui je partageais mes cours. Rassemblez des gens avec des passions communes et vous allez créer une dynamique bien spéciale! En tant que Coordonateur de projet chez O2 Web, j\'ai souvent à rencontrer des clients. Dans ces rencontres clients, je dois non seulement leur proposer des solutions technologiques efficaces, mais aussi leur partager notre passion pour le domaine du Web!', 2012),
(33, 'Karl Lacroix', 'Directeur-conseil, stratège interactif', 'Absolu', 'www.absolu.ca', 'J’ai choisi la TIM parce que le design Web m\'intéressait déjà depuis quelques années; je réalisais des sites Web (pas nécessairement les plus beaux!) avec les connaissances acquises au fur et à mesure. Je voulais donc connaître les meilleures techniques et façons de faire pour réaliser de meilleurs sites Web. Ce que j’aime maintenant le plus est le renouveau constant nécessaire parce que la technologie ne cesse d\'évoluer. Pour être à l\'avant, il faut donc se renouveler constamment! De plus, j’ai le plaisir de travail en équipe avec un nombre impressionnant de personnes ayant des spécialisations variées pour la réalisation d\'un même site Web (du designer au rédacteur, du développeur au designer UX, etc.).', 2010),
(34, 'Dinh-Tam Trinh', 'Webmestre', 'Cégep de Sainte-Foy', 'www.cegep-ste-foy.qc.ca', 'Ce qui m\'a tout d\'abord intéressé dans le multimédia est le nombre varié de disciplines. La spécialisation est très bien, mais avoir une connaissance globale de tous les aspects d\'un métier est très utile! Ce que j\'aime le plus est le développement d’une nouvelle application Web « from scratch » : un parfait mélange entre le design utilitaire et de code.\n', 2013),
(35, 'Marie-Ève Tremblay', 'Intégratrice Web', 'O2 Web', 'www.o2web.ca', 'J’ai vue dans dans la TIM la possibilité de marier mes passions, mes intérêts et d’ouvrir mes horizons sur les nouvelles technologies. La technique est complète, variée et elle assure un avenir dans un domaine motivant et en constante innovation. J’aime participer à l’analyse de la production Web et produire des sites dont la structure est solide. J’aime intégrer des visuels modulaires et récupérables. J’aime résoudre des problématiques et continuer à apprendre.\r\n', 2013),
(37, 'Marc-Antoine Charest', 'Développeur Web', 'Leonard', 'www.leonarddg.com', 'Les bonnes perspectives d\'emploi ainsi que la constante mise en pratique des apprentissages sont des éléments qui m\'ont convaincu de me diriger en Techniques d\'intégration multimédia. La diversité des tâches à effectuer et les constants défis qu\'apportent les différents projets sur lesquels je travaille sont des aspects qui me plaisent le plus dans mon travail.\n', 2014),
(38, 'Eddie Brodeur Durand', 'Développeur Front-End', 'Chalifour', 'www.chalifour.net', 'J’ai décidé de me diriger en Techniques d\'intégration multimédia car on y abordait tous les éléments me permettant de pratiquer un travail relié au Web. Ce que je préfère de mon emploi est le fait de travailler dans un domaine qui change constamment ce qui me permet de toujours être motivé par les nouveaux projets.\r\n', 2012),
(39, 'Stephanie Roy', 'Développeur Front-end', 'Spektrum', 'www.spektrummedia.com', 'J’ai choisi la Techniques d\'intégration multimédia car je voulais apprendre à faire des sites Web pour des projets personnels. J\'ai rapidement réalisé que le Web était devenu une passion bien au-delà de mes projets personnels. En tant que Développeur front-end, j’aime la diversité des tâches, des fois un peu plus associées au design d’interface et d\'autres fois un peu plus en lien avec la programmation. J\'aime bien aussi l\'évolution constante, il y a toujours quelque chose de nouveau à apprendre.\r\n', 2012),
(40, 'Stéphanie Parcel', 'Développeur Web', '', '', 'Je savais que voulais créer à l\'aide d\'un ordinateur, mais je ne savais pas quoi. Le design m\'intéressait autant que la programmation. La TIM a donc été un un excellent moyen de toucher à plusieurs facettes du domaine et ainsi trouver ma passion. Aujourd’hui, que ce soit d\'un client, d\'un patron ou d\'un collègue, entendre la phrase: « tu viens de me simplifier la vie », ça vaut de l\'or!\r\n', 2014),
(41, 'Alexia B. Proulx', 'Développeur Web', 'PetalMD', 'www.petalmd.com', 'Je me suis d\'abord dirigée dans une formation en informatique mais j\'ai rapidement réalisé que le web correspondait plus à mon profil que le développement logiciel. Techniques d\'intégration multimédia m\'offrait non seulement de perfectionner mes connaissances mais aussi d\'aller plus loin que la programmation et de toucher à toutes les facettes du domaine. Ce que je préfère dans mon métier c\'est la portée de notre travail. Internet est aujourd\'hui la plus importante vitrine et les développeurs en sont en quelques sortes les artisans. Voir les projets sur lesquels j\'ai travaillé rencontrer un franc succès sur le net est une véritable fierté. ', 2013);

--
-- Indexes for dumped tables
--

--
-- Indexes for table `diplome`
--
ALTER TABLE `diplome`
  ADD PRIMARY KEY (`id`);

--
-- Indexes for table `projet`
--
ALTER TABLE `projet`
  ADD PRIMARY KEY (`id`);

--
-- Indexes for table `responsable`
--
ALTER TABLE `responsable`
  ADD PRIMARY KEY (`id`);

--
-- Indexes for table `temoignage`
--
ALTER TABLE `temoignage`
  ADD PRIMARY KEY (`id`);

--
-- AUTO_INCREMENT for dumped tables
--

--
-- AUTO_INCREMENT for table `diplome`
--
ALTER TABLE `diplome`
  MODIFY `id` smallint(5) UNSIGNED NOT NULL AUTO_INCREMENT, AUTO_INCREMENT=27;

--
-- AUTO_INCREMENT for table `projet`
--
ALTER TABLE `projet`
  MODIFY `id` mediumint(8) UNSIGNED NOT NULL AUTO_INCREMENT, AUTO_INCREMENT=88;

--
-- AUTO_INCREMENT for table `responsable`
--
ALTER TABLE `responsable`
  MODIFY `id` tinyint(3) UNSIGNED NOT NULL AUTO_INCREMENT, AUTO_INCREMENT=5;

--
-- AUTO_INCREMENT for table `temoignage`
--
ALTER TABLE `temoignage`
  MODIFY `id` tinyint(4) UNSIGNED NOT NULL AUTO_INCREMENT, AUTO_INCREMENT=42;

/*!40101 SET CHARACTER_SET_CLIENT=@OLD_CHARACTER_SET_CLIENT */;
/*!40101 SET CHARACTER_SET_RESULTS=@OLD_CHARACTER_SET_RESULTS */;
/*!40101 SET COLLATION_CONNECTION=@OLD_COLLATION_CONNECTION */;
